Роль сотрудника;ФИО;Логин;Пароль
1;Пахомова Аиша Анатольевна;m4ic8j5qgstw@gmail.com;2L6KZG
1;Жуков Роман Богданович;d43zfg9tlsyv@gmail.com;uzWC67
1;Киселева Анастасия Максимовна;8ohgisf6k45w@outlook.com;8ntwUp
2;Григорьева Арина Арсентьевна;hi1brwj46czx@mail.com;YOyhfR
2;Иванов Лев Михайлович;fvkbcamhlj52@gmail.com;RSbvHv
2;Григорьев Лев Давидович;9qxnce8jwruv@gmail.com;rwVDh9
3;Поляков Степан Егорович;dotiex942p1r@gmail.com;LdNyos
3;Леонова Алиса Кирилловна;n0bmi2h1xral@tutanota.com;gynQMT
3;Яковлев Платон Константинович;sfm3t278kdvz@yahoo.com;AtnDjr
3;Ковалева Ева Яковлевна;ilb8rdut0v7e@mail.com;JlFRCZ
