344288, г. Дубна, ул. Чехова, 1
614164, г.Дубна,  ул. Степная, 30
394242, г. Дубна, ул. Коммунистическая, 43
660540, г. Дубна, ул. Солнечная, 25
125837, г. Дубна, ул. Шоссейная, 40
125703, г. Дубна, ул. Партизанская, 49
625283, г. Дубна, ул. Победы, 46
614611, г. Дубна, ул. Молодежная, 50
454311, г.Дубна, ул. Новая, 19
660007, г.Дубна, ул. Октябрьская, 19
603036, г. Дубна, ул. Садовая, 4
450983, г.Дубна, ул. Комсомольская, 26
394782, г. Дубна, ул. Чехова, 3
603002, г. Дубна, ул. Дзержинского, 28
450558, г. Дубна, ул. Набережная, 30
394060, г.Дубна, ул. Фрунзе, 43
410661, г. Дубна, ул. Школьная, 50
625590, г. Дубна, ул. Коммунистическая, 20
625683, г. Дубна, ул. 8 Марта
400562, г. Дубна, ул. Зеленая, 32
614510, г. Дубна, ул. Маяковского, 47
410542, г. Дубна, ул. Светлая, 46
620839, г. Дубна, ул. Цветочная, 8
443890, г. Дубна, ул. Коммунистическая, 1
603379, г. Дубна, ул. Спортивная, 46
603721, г. Дубна, ул. Гоголя, 41
410172, г. Дубна, ул. Северная, 13
420151, г. Дубна, ул. Вишневая, 32
125061, г. Дубна, ул. Подгорная, 8
630370, г. Дубна, ул. Шоссейная, 24
614753, г. Дубна, ул. Полевая, 35
426030, г. Дубна, ул. Маяковского, 44
450375, г. Дубна ул. Клубная, 44
625560, г. Дубна, ул. Некрасова, 12
630201, г. Дубна, ул. Комсомольская, 17
190949, г. Дубна, ул. Мичурина, 26
